Unnamed: 0,Year,Mileage,Price,Make_Chevrolet,Make_Ford,Make_Honda,Make_Nissan,Make_Toyota,Model_Altima,Model_Camry,Model_Civic,Model_F-150,Model_Silverado,Condition_Excellent,Condition_Fair,Condition_Good
0,2022,18107,19094.75,0,1,0,0,0,0,0,0,0,1,1,0,0
1,2014,13578,27321.1,0,0,0,0,1,0,0,0,0,1,1,0,0
2,2016,46054,23697.3,1,0,0,0,0,0,0,1,0,0,0,0,1
3,2022,34981,18251.05,0,1,0,0,0,0,0,1,0,0,1,0,0
4,2019,63565,19821.85,1,0,0,0,0,0,0,1,0,0,1,0,0
5,2013,23600,27820.0,0,1,0,0,0,0,0,0,0,1,1,0,0
6,2014,11470,27426.6,0,0,0,0,1,1,0,0,0,0,1,0,0
7,2015,89471,22526.55,1,0,0,0,0,0,0,0,0,1,0,0,1
8,2014,121298,21935.1,0,1,0,0,0,0,1,0,0,0,0,0,1
9,2016,110691,20465.45,0,1,0,0,0,1,0,0,0,0,1,0,0
10,2019,112693,17365.449999999997,0,0,0,0,1,1,0,0,0,0,1,0,0
11,2016,101914,20904.4,0,0,0,1,0,0,0,0,0,1,0,0,1
12,2012,79902,26005.0,0,0,0,0,1,0,0,0,0,1,1,0,0
13,2021,97489,16125.65,1,0,0,0,0,0,0,0,0,1,1,0,0
14,2014,72976,24351.3,0,0,0,0,1,0,0,0,1,0,1,0,0
15,2022,40633,17968.35,0,1,0,0,0,0,0,0,1,0,0,0,1
16,2017,48281,22586.05,1,0,0,0,0,0,0,0,1,0,0,1,0
17,2020,33054,20347.4,0,0,0,1,0,1,0,0,0,0,0,0,1
18,2010,121446,25927.8,1,0,0,0,0,0,1,0,0,0,1,0,0
19,2013,61672,25916.4,0,0,0,1,0,0,0,1,0,0,0,0,1
20,2015,126395,20680.35,0,1,0,0,0,0,0,0,0,1,0,0,1
21,2021,119784,15010.8,0,0,0,1,0,0,1,0,0,0,1,0,0
22,2014,148697,20565.15,1,0,0,0,0,0,0,0,0,1,0,0,1
23,2020,100665,16966.65,0,0,0,1,0,1,0,0,0,0,0,0,1
24,2010,66951,28652.45,0,1,0,0,0,0,0,1,0,0,1,0,0
25,2017,65559,21722.15,0,0,0,0,1,0,0,0,1,0,1,0,0
26,2018,69109,20544.55,0,1,0,0,0,0,0,0,0,1,1,0,0
27,2013,75631,25218.55,0,1,0,0,0,0,1,0,0,0,0,0,1
28,2022,34080,18296.0,0,0,1,0,0,0,0,1,0,0,1,0,0
29,2011,134672,24266.5,0,0,1,0,0,0,0,0,1,0,0,1,0
30,2011,54295,28285.25,0,0,1,0,0,0,0,0,1,0,1,0,0
31,2022,20693,18965.45,0,1,0,0,0,1,0,0,0,0,1,0,0
32,2010,63740,28813.1,0,0,1,0,0,0,1,0,0,0,1,0,0
33,2019,117503,17124.949999999997,0,0,0,0,1,0,0,0,0,1,0,0,1
34,2017,81466,20926.8,1,0,0,0,0,0,1,0,0,0,1,0,0
35,2013,106330,23683.4,1,0,0,0,0,1,0,0,0,0,1,0,0
36,2020,43785,19810.75,1,0,0,0,0,0,0,0,1,0,1,0,0
37,2013,102118,23894.1,1,0,0,0,0,0,0,0,0,1,1,0,0
38,2013,96202,24189.9,0,0,0,1,0,0,1,0,0,0,1,0,0
39,2019,133627,16318.75,1,0,0,0,0,0,0,1,0,0,0,1,0
40,2020,131994,15400.4,0,0,0,0,1,0,0,1,0,0,1,0,0
41,2022,38705,18064.85,0,1,0,0,0,0,1,0,0,0,0,1,0
42,2021,139945,14002.85,0,0,0,0,1,0,1,0,0,0,0,0,1
43,2016,69108,22544.7,0,0,1,0,0,0,0,0,0,1,0,1,0
44,2011,17149,30142.65,0,0,0,1,0,0,0,0,1,0,0,0,1
45,2013,53165,26341.85,0,0,0,0,1,0,0,0,1,0,0,1,0
46,2010,105649,26717.55,0,1,0,0,0,0,1,0,0,0,1,0,0
47,2014,72408,24379.6,0,0,0,0,1,1,0,0,0,0,0,0,1
48,2014,88835,23558.35,0,0,0,0,1,0,0,1,0,0,0,0,1
49,2022,17332,19133.5,0,0,1,0,0,0,0,1,0,0,1,0,0
50,2010,123884,25805.7,0,0,0,0,1,0,0,0,1,0,1,0,0
51,2018,40238,21988.2,0,0,1,0,0,0,1,0,0,0,1,0,0
52,2021,36817,19159.15,0,0,0,0,1,1,0,0,0,0,1,0,0
53,2017,44880,22756.1,0,0,0,0,1,1,0,0,0,0,1,0,0
54,2016,77083,22145.85,0,0,0,1,0,0,0,0,0,1,1,0,0
55,2011,33565,29321.65,0,0,0,1,0,1,0,0,0,0,1,0,0
56,2012,36404,28179.8,0,1,0,0,0,0,1,0,0,0,1,0,0
57,2019,81972,18901.5,0,0,0,0,1,0,0,1,0,0,0,0,1
58,2018,90846,19457.8,0,0,0,0,1,0,0,1,0,0,0,0,1
59,2015,11809,26409.65,0,1,0,0,0,0,1,0,0,0,0,1,0
60,2010,19317,31034.15,0,0,0,1,0,0,0,0,0,1,1,0,0
61,2020,54542,19272.9,0,0,0,0,1,0,0,0,0,1,1,0,0
62,2019,16493,22175.45,1,0,0,0,0,0,1,0,0,0,1,0,0
63,2012,99506,25024.7,0,0,1,0,0,0,0,1,0,0,1,0,0
64,2012,38647,28067.75,0,1,0,0,0,0,1,0,0,0,0,1,0
65,2018,103960,18802.1,0,0,0,1,0,0,0,0,1,0,1,0,0
66,2017,132338,18383.1,0,1,0,0,0,0,0,0,1,0,1,0,0
67,2014,68639,24568.15,0,0,1,0,0,0,0,0,0,1,1,0,0
68,2014,56311,25184.35,0,0,1,0,0,0,1,0,0,0,0,0,1
69,2012,102278,24886.0,0,1,0,0,0,0,1,0,0,0,0,0,1
70,2015,35930,25203.5,0,1,0,0,0,1,0,0,0,0,0,0,1
71,2016,96869,21156.45,0,0,0,0,1,0,0,1,0,0,0,1,0
72,2010,87051,27647.35,1,0,0,0,0,0,0,0,1,0,0,0,1
73,2020,46163,19691.75,0,1,0,0,0,0,1,0,0,0,1,0,0
74,2017,119991,19000.55,0,0,1,0,0,0,0,0,1,0,0,0,1
75,2017,135196,18240.3,0,1,0,0,0,1,0,0,0,0,0,0,1
76,2018,23116,22844.3,0,0,0,1,0,1,0,0,0,0,1,0,0
77,2018,66236,20688.2,1,0,0,0,0,1,0,0,0,0,1,0,0
78,2010,144751,24762.45,0,0,0,0,1,0,0,0,1,0,1,0,0
79,2017,101000,19949.9,0,0,0,0,1,0,0,0,1,0,1,0,0
80,2016,27511,24624.45,0,0,1,0,0,0,0,1,0,0,1,0,0
81,2020,14488,21275.6,1,0,0,0,0,0,0,1,0,0,1,0,0
82,2021,105493,15725.45,0,0,0,1,0,0,0,0,0,1,1,0,0
83,2013,58378,26081.2,0,0,0,1,0,0,1,0,0,0,0,0,1
84,2013,119427,23028.65,0,0,0,0,1,1,0,0,0,0,1,0,0
85,2016,119802,20010.0,0,0,1,0,0,0,0,0,0,1,1,0,0
86,2012,141113,22944.45,0,0,0,0,1,1,0,0,0,0,0,0,1
87,2011,146622,23669.0,0,0,0,0,1,0,0,0,0,1,1,0,0
88,2018,79364,20031.9,0,0,1,0,0,1,0,0,0,0,1,0,0
89,2015,141793,19910.45,1,0,0,0,0,0,0,0,0,1,1,0,0
90,2011,14744,30262.9,0,0,0,1,0,0,0,1,0,0,1,0,0
91,2021,70347,17482.550000000003,1,0,0,0,0,0,0,0,0,1,0,0,1
92,2011,68245,27587.65,1,0,0,0,0,0,0,1,0,0,0,0,1
93,2017,83613,20819.45,1,0,0,0,0,0,0,0,1,0,1,0,0
94,2018,133106,17344.8,0,0,0,1,0,1,0,0,0,0,0,0,1
95,2013,119617,23019.050000000003,0,0,0,0,1,0,0,0,1,0,0,1,0
96,2015,57207,24139.65,0,1,0,0,0,0,0,0,1,0,1,0,0
97,2010,52477,29376.15,0,0,0,1,0,1,0,0,0,0,1,0,0
98,2020,37978,20101.1,0,0,0,1,0,0,0,0,1,0,1,0,0
99,2015,53814,24309.4,0,0,0,1,0,0,0,1,0,0,1,0,0
100,2010,17346,31132.8,0,0,1,0,0,0,1,0,0,0,0,1,0
101,2022,44885,17755.85,0,1,0,0,0,0,0,1,0,0,1,0,0
102,2017,50778,22461.1,0,0,0,1,0,0,0,0,1,0,1,0,0
103,2011,70039,27498.15,0,0,0,1,0,0,0,0,0,1,0,0,1
104,2012,89140,25543.1,0,0,0,1,0,0,0,0,1,0,0,0,1
105,2018,43774,21811.4,0,0,0,0,1,1,0,0,0,0,1,0,0
106,2011,22840,29857.9,1,0,0,0,0,0,0,1,0,0,1,0,0
107,2011,76361,27182.05,0,1,0,0,0,1,0,0,0,0,0,0,1
108,2010,82212,27889.4,0,0,0,1,0,0,1,0,0,0,0,0,1
109,2022,113433,14328.45,1,0,0,0,0,0,0,1,0,0,1,0,0
110,2019,69114,19544.4,0,0,0,0,1,0,1,0,0,0,0,1,0
111,2011,144023,23798.95,0,0,1,0,0,0,1,0,0,0,0,1,0
112,2017,28625,23568.85,0,0,1,0,0,0,1,0,0,0,1,0,0
113,2020,108484,16575.899999999998,0,0,1,0,0,1,0,0,0,0,1,0,0
114,2014,119922,22004.0,0,1,0,0,0,0,0,1,0,0,1,0,0
115,2010,18123,31093.95,1,0,0,0,0,1,0,0,0,0,1,0,0
116,2014,46654,25667.3,0,0,1,0,0,0,0,0,1,0,0,0,1
117,2011,98362,26082.0,1,0,0,0,0,0,0,0,1,0,0,0,1
118,2022,74707,16264.65,0,1,0,0,0,0,1,0,0,0,0,0,1
119,2020,75798,18210.1,1,0,0,0,0,0,0,0,1,0,1,0,0
120,2020,73758,18312.0,1,0,0,0,0,0,0,1,0,0,1,0,0
121,2012,22391,28880.45,0,0,0,0,1,0,0,0,0,1,1,0,0
122,2021,85415,16729.15,0,0,0,0,1,0,1,0,0,0,0,0,1
123,2021,114819,15258.95,1,0,0,0,0,1,0,0,0,0,0,0,1
124,2012,121983,23900.95,0,0,0,0,1,1,0,0,0,0,1,0,0
125,2011,86608,26669.6,0,1,0,0,0,0,0,0,0,1,1,0,0
126,2017,26893,23655.45,0,1,0,0,0,0,0,1,0,0,1,0,0
127,2022,57948,17102.699999999997,0,0,0,1,0,0,0,0,0,1,1,0,0
128,2019,116033,17198.449999999997,0,0,0,0,1,0,1,0,0,0,1,0,0
129,2022,57614,17119.399999999998,0,1,0,0,0,1,0,0,0,0,0,0,1
130,2011,94477,26276.15,0,0,0,1,0,0,0,0,1,0,1,0,0
131,2016,79418,22029.2,0,0,1,0,0,0,0,0,0,1,1,0,0
132,2017,117603,19119.95,0,0,0,0,1,0,0,0,1,0,0,0,1
133,2012,56035,27198.35,0,0,0,1,0,0,0,0,0,1,0,1,0
134,2020,31617,20419.25,0,0,0,1,0,0,0,1,0,0,1,0,0
135,2010,111314,26434.4,0,0,1,0,0,0,1,0,0,0,0,0,1
136,2015,93694,22315.4,0,0,0,1,0,0,1,0,0,0,0,0,1
137,2020,97649,17117.649999999998,1,0,0,0,0,1,0,0,0,0,1,0,0
138,2010,143341,24832.85,1,0,0,0,0,1,0,0,0,0,0,0,1
139,2020,49271,19536.45,0,0,1,0,0,0,0,0,1,0,0,0,1
140,2019,78634,19068.3,0,0,0,0,1,0,0,0,1,0,1,0,0
141,2011,77599,27120.15,0,0,0,1,0,0,0,0,0,1,0,0,1
142,2022,110727,14463.65,0,0,0,0,1,1,0,0,0,0,0,1,0
143,2016,113300,20335.0,0,1,0,0,0,0,1,0,0,0,1,0,0
144,2018,66884,20655.9,0,0,0,0,1,0,0,1,0,0,1,0,0
145,2012,23004,28849.8,0,0,0,1,0,1,0,0,0,0,0,0,1
146,2013,39951,27002.55,0,0,0,1,0,1,0,0,0,0,1,0,0
147,2018,130659,17467.05,0,1,0,0,0,0,0,0,0,1,1,0,0
148,2015,127075,20646.15,0,1,0,0,0,0,0,0,0,1,1,0,0
149,2020,20087,20995.75,0,1,0,0,0,0,0,0,1,0,1,0,0
150,2017,67872,21606.4,0,0,0,0,1,0,0,1,0,0,1,0,0
151,2020,11995,21400.35,0,0,0,1,0,1,0,0,0,0,1,0,0
152,2022,144488,12775.7,0,1,0,0,0,0,0,0,1,0,1,0,0
153,2012,80614,25969.4,0,1,0,0,0,0,0,0,0,1,0,1,0
154,2021,11008,20449.7,0,1,0,0,0,0,0,1,0,0,1,0,0
155,2013,126240,22688.1,1,0,0,0,0,1,0,0,0,0,1,0,0
156,2010,44176,29791.3,0,0,0,1,0,0,1,0,0,0,1,0,0
157,2011,61439,27928.15,0,1,0,0,0,0,0,0,0,1,1,0,0
158,2022,33301,18335.05,1,0,0,0,0,0,1,0,0,0,1,0,0
159,2015,22701,25864.95,0,0,0,1,0,0,0,1,0,0,0,0,1
160,2019,88786,18560.8,0,0,0,1,0,0,1,0,0,0,1,0,0
161,2013,131297,22435.15,0,0,1,0,0,0,0,0,0,1,1,0,0
162,2010,127915,25604.35,1,0,0,0,0,0,0,0,1,0,1,0,0
163,2010,89811,27509.55,0,0,0,0,1,0,1,0,0,0,0,1,0
164,2016,26015,24699.35,1,0,0,0,0,0,0,0,1,0,0,0,1
165,2019,60439,19978.05,0,0,0,0,1,0,0,0,0,1,1,0,0
166,2018,62889,20855.55,0,1,0,0,0,0,0,1,0,0,0,0,1
167,2014,15780,27211.1,1,0,0,0,0,0,0,1,0,0,1,0,0
168,2021,119069,15046.65,0,0,1,0,0,0,0,0,0,1,1,0,0
169,2016,49785,23510.85,1,0,0,0,0,0,0,0,0,1,1,0,0
170,2011,29605,29519.85,0,0,0,1,0,0,1,0,0,0,0,1,0
171,2011,118725,25063.85,0,0,0,1,0,0,0,0,0,1,1,0,0
172,2013,29419,27529.15,1,0,0,0,0,0,0,0,1,0,1,0,0
173,2018,137243,17137.949999999997,0,0,0,1,0,0,0,0,0,1,0,1,0
174,2015,94655,22267.25,0,1,0,0,0,0,0,1,0,0,0,0,1
175,2021,77019,17148.95,0,1,0,0,0,0,0,0,1,0,1,0,0
176,2010,63956,28802.3,1,0,0,0,0,0,0,0,1,0,0,0,1
177,2019,49430,20528.5,0,0,1,0,0,0,0,1,0,0,1,0,0
178,2019,88161,18591.95,0,0,0,1,0,0,0,1,0,0,1,0,0
179,2021,96829,16158.65,0,0,1,0,0,0,0,0,0,1,1,0,0
180,2022,59978,17001.199999999997,0,0,1,0,0,0,0,0,1,0,0,1,0
181,2016,13887,25305.65,0,1,0,0,0,0,0,0,0,1,0,0,1
182,2010,29471,30526.55,0,0,1,0,0,0,0,1,0,0,1,0,0
183,2019,72274,19386.4,0,0,1,0,0,0,0,0,1,0,1,0,0
184,2020,107666,16616.8,0,1,0,0,0,0,0,1,0,0,0,1,0
185,2015,127814,20609.4,0,0,0,0,1,0,0,1,0,0,1,0,0
186,2020,44070,19796.6,0,0,0,0,1,0,0,0,1,0,1,0,0
187,2010,111984,26400.9,0,0,0,0,1,0,0,0,1,0,1,0,0
188,2016,64951,22752.55,0,0,0,1,0,0,0,1,0,0,1,0,0
189,2015,10380,26481.1,1,0,0,0,0,1,0,0,0,0,1,0,0
190,2016,14614,25269.4,0,0,0,0,1,0,0,1,0,0,1,0,0
191,2018,48931,21553.55,1,0,0,0,0,0,0,1,0,0,1,0,0
192,2012,129019,23549.05,0,0,0,0,1,0,0,0,1,0,1,0,0
193,2013,127266,22636.8,0,0,0,0,1,0,0,0,0,1,0,0,1
194,2016,48764,23561.9,0,0,0,1,0,0,0,0,1,0,0,0,1
195,2016,137717,19114.25,0,0,0,0,1,1,0,0,0,0,0,0,1
196,2015,116517,21174.25,0,0,0,0,1,0,0,0,1,0,0,0,1
197,2020,35657,20217.25,0,0,1,0,0,1,0,0,0,0,0,1,0
198,2016,99491,21025.55,0,0,0,1,0,0,0,0,1,0,1,0,0
199,2019,126402,16680.0,0,1,0,0,0,0,0,0,1,0,1,0,0
200,2011,149343,23532.75,0,0,0,1,0,1,0,0,0,0,1,0,0
201,2014,101720,22914.0,0,0,1,0,0,1,0,0,0,0,1,0,0
202,2015,24020,25799.1,0,0,0,0,1,0,1,0,0,0,1,0,0
203,2020,116223,16188.95,1,0,0,0,0,0,0,1,0,0,1,0,0
204,2019,131090,16445.5,0,1,0,0,0,0,0,0,0,1,1,0,0
205,2022,14891,19255.55,1,0,0,0,0,1,0,0,0,0,0,1,0
206,2016,44978,23751.2,0,1,0,0,0,0,0,0,1,0,1,0,0
207,2019,27588,21620.7,0,0,0,1,0,0,0,1,0,0,0,0,1
208,2014,18854,27057.3,0,0,1,0,0,0,0,0,0,1,0,0,1
209,2019,63399,19830.15,0,0,0,1,0,0,1,0,0,0,1,0,0
210,2011,128100,24595.1,1,0,0,0,0,0,0,0,1,0,1,0,0
211,2014,145225,20738.75,0,0,1,0,0,0,0,0,1,0,1,0,0
212,2011,144456,23777.1,0,0,0,0,1,0,1,0,0,0,1,0,0
213,2011,10079,30496.15,0,1,0,0,0,0,0,1,0,0,1,0,0
214,2015,98839,22058.15,0,0,0,1,0,0,1,0,0,0,1,0,0
215,2011,128863,24556.95,0,1,0,0,0,0,0,0,1,0,0,1,0
216,2021,144496,13775.2,0,0,0,0,1,0,1,0,0,0,1,0,0
217,2014,148505,20574.75,0,0,0,0,1,0,1,0,0,0,0,0,1
218,2019,122685,16865.75,0,1,0,0,0,0,0,0,1,0,1,0,0
219,2019,106227,17688.65,1,0,0,0,0,0,1,0,0,0,0,0,1
220,2011,30366,29481.7,1,0,0,0,0,0,0,1,0,0,0,1,0
221,2022,139004,13049.8,1,0,0,0,0,1,0,0,0,0,0,1,0
222,2017,109535,19523.25,0,1,0,0,0,1,0,0,0,0,1,0,0
223,2021,136052,14197.5,0,0,0,0,1,1,0,0,0,0,0,1,0
224,2017,71493,21425.45,0,1,0,0,0,0,1,0,0,0,1,0,0
225,2013,64742,25763.0,0,1,0,0,0,0,0,0,1,0,1,0,0
226,2013,29720,27514.0,0,0,0,1,0,0,1,0,0,0,1,0,0
227,2019,38797,21060.25,0,0,0,1,0,0,1,0,0,0,1,0,0
228,2015,76373,23181.35,0,0,0,0,1,1,0,0,0,0,1,0,0
229,2017,22255,23887.35,0,0,1,0,0,1,0,0,0,0,1,0,0
230,2016,15027,25248.75,0,0,0,0,1,0,0,0,1,0,0,0,1
231,2019,44445,20777.85,0,0,0,0,1,0,0,1,0,0,0,0,1
232,2020,105729,16713.649999999998,0,0,1,0,0,0,0,0,0,1,1,0,0
233,2011,10786,30460.8,0,1,0,0,0,1,0,0,0,0,1,0,0
234,2021,128974,14551.3,1,0,0,0,0,1,0,0,0,0,1,0,0
235,2022,139651,13017.55,0,0,0,0,1,0,0,1,0,0,1,0,0
236,2011,79307,27034.65,1,0,0,0,0,0,0,0,0,1,0,0,1
237,2014,74491,24275.55,0,0,0,1,0,0,1,0,0,0,1,0,0
238,2012,105128,24743.7,0,0,1,0,0,1,0,0,0,0,0,0,1
239,2013,49149,26542.65,0,0,0,1,0,0,0,0,1,0,0,0,1
240,2015,97393,22130.45,0,1,0,0,0,0,1,0,0,0,1,0,0
241,2021,51669,18416.65,1,0,0,0,0,1,0,0,0,0,1,0,0
242,2012,145731,22713.45,0,0,0,0,1,1,0,0,0,0,1,0,0
243,2012,31349,28432.65,0,0,0,1,0,0,1,0,0,0,1,0,0
244,2020,59912,19004.5,0,0,1,0,0,0,0,0,0,1,0,0,1
245,2013,42090,26895.6,0,1,0,0,0,0,0,0,1,0,0,0,1
246,2015,57147,24142.75,0,0,0,1,0,0,0,0,1,0,1,0,0
247,2017,56782,22160.9,0,0,0,1,0,1,0,0,0,0,0,0,1
248,2014,14405,27279.85,0,0,0,1,0,0,0,0,0,1,1,0,0
249,2011,144382,23781.0,0,1,0,0,0,0,0,1,0,0,1,0,0
250,2019,98392,18080.4,0,1,0,0,0,0,0,1,0,0,0,0,1
251,2021,78264,17086.8,0,1,0,0,0,0,0,1,0,0,0,1,0
252,2019,63972,19801.5,1,0,0,0,0,0,0,1,0,0,1,0,0
253,2020,94694,17265.399999999998,0,0,0,1,0,0,0,0,0,1,1,0,0
254,2010,104044,26797.8,0,0,1,0,0,0,1,0,0,0,1,0,0
255,2019,12555,22372.15,0,0,0,1,0,1,0,0,0,0,0,0,1
256,2021,123549,14822.65,0,1,0,0,0,1,0,0,0,0,1,0,0
257,2021,57139,18143.15,0,0,0,1,0,0,0,1,0,0,0,0,1
258,2015,17004,26149.9,0,0,0,0,1,0,0,0,0,1,0,0,1
259,2014,73885,24305.85,1,0,0,0,0,1,0,0,0,0,1,0,0
260,2012,93543,25322.95,0,0,0,0,1,0,0,0,0,1,1,0,0
261,2018,96735,19163.35,0,0,0,0,1,0,0,0,0,1,1,0,0
262,2017,105618,19719.2,0,0,0,0,1,1,0,0,0,0,0,0,1
263,2011,65729,27713.55,1,0,0,0,0,0,1,0,0,0,0,0,1
264,2016,99676,21016.3,0,1,0,0,0,0,1,0,0,0,1,0,0
265,2018,147651,16617.45,1,0,0,0,0,0,1,0,0,0,1,0,0
266,2013,135326,22233.8,0,0,1,0,0,0,0,0,1,0,0,0,1
267,2010,50011,29499.45,0,0,0,1,0,0,0,0,1,0,0,0,1
268,2015,31804,25409.9,0,1,0,0,0,1,0,0,0,0,1,0,0
269,2015,103452,21827.5,0,0,0,1,0,0,0,0,1,0,1,0,0
270,2018,81973,19901.35,0,0,0,1,0,0,0,0,0,1,0,1,0
271,2020,68319,18584.15,0,1,0,0,0,0,0,1,0,0,1,0,0
272,2010,51796,29410.3,0,1,0,0,0,0,0,1,0,0,0,1,0
273,2011,73851,27307.55,0,0,0,0,1,0,0,0,0,1,0,0,1
274,2022,56697,17165.25,0,0,0,0,1,0,0,0,0,1,0,0,1
275,2016,11305,25434.75,0,0,0,1,0,0,0,0,0,1,0,0,1
276,2011,117131,25143.45,0,0,1,0,0,0,0,1,0,0,0,0,1
277,2015,48441,24577.95,0,0,1,0,0,0,0,0,0,1,0,0,1
278,2013,26857,27657.15,0,0,1,0,0,0,0,0,0,1,0,0,1
279,2015,133560,20322.1,0,0,0,0,1,0,0,0,0,1,1,0,0
280,2015,143862,19806.9,0,0,1,0,0,0,0,1,0,0,1,0,0
281,2011,137159,24142.15,0,0,0,1,0,0,0,0,0,1,0,1,0
282,2015,69944,23502.7,0,0,0,1,0,0,1,0,0,0,0,0,1
283,2013,78616,25069.3,0,0,0,1,0,1,0,0,0,0,0,0,1
284,2011,98208,26089.5,0,0,1,0,0,0,1,0,0,0,0,1,0
285,2014,67624,24618.7,0,0,1,0,0,1,0,0,0,0,1,0,0
286,2021,106793,15660.45,0,0,0,1,0,0,0,1,0,0,1,0,0
287,2014,39631,26018.55,0,0,0,1,0,0,0,0,0,1,1,0,0
288,2016,116407,20179.75,1,0,0,0,0,0,0,0,0,1,0,0,1
289,2010,48764,29561.9,0,0,0,1,0,0,0,0,1,0,0,0,1
290,2014,128951,21552.55,0,1,0,0,0,0,1,0,0,0,0,0,1
291,2021,12202,20390.0,0,0,0,0,1,0,0,1,0,0,1,0,0
292,2021,29624,19518.9,0,0,1,0,0,0,0,0,0,1,1,0,0
293,2011,122440,24878.1,0,1,0,0,0,1,0,0,0,0,0,1,0
294,2012,47357,27632.15,1,0,0,0,0,0,1,0,0,0,1,0,0
295,2015,97155,22142.35,0,0,1,0,0,0,1,0,0,0,0,1,0
296,2019,47483,20625.95,1,0,0,0,0,0,1,0,0,0,1,0,0
297,2016,118154,20092.3,0,0,1,0,0,0,0,1,0,0,0,0,1
298,2021,129563,14521.85,0,0,0,0,1,1,0,0,0,0,1,0,0
299,2013,107377,23631.15,0,0,1,0,0,0,0,0,1,0,0,0,1
300,2017,93016,20349.2,0,1,0,0,0,0,0,0,0,1,0,0,1
301,2021,117283,15135.95,0,0,0,1,0,0,0,1,0,0,1,0,0
302,2019,17700,22115.1,0,0,1,0,0,1,0,0,0,0,1,0,0
303,2012,72515,26374.35,0,1,0,0,0,0,0,1,0,0,1,0,0
304,2019,117574,17121.3,0,0,0,1,0,0,0,1,0,0,1,0,0
305,2021,48316,18584.3,1,0,0,0,0,0,0,0,1,0,1,0,0
306,2014,76270,24186.6,1,0,0,0,0,1,0,0,0,0,0,1,0
307,2022,77705,16114.85,0,0,1,0,0,0,0,0,1,0,0,0,1
308,2015,81927,22903.75,0,0,1,0,0,0,0,0,0,1,1,0,0
309,2018,148147,16592.75,0,0,0,0,1,0,0,0,0,1,0,0,1
310,2014,57872,25106.4,0,0,0,0,1,0,0,0,1,0,0,0,1
311,2014,89643,23517.95,0,0,1,0,0,0,0,0,0,1,1,0,0
312,2021,41393,18930.45,0,0,0,1,0,0,0,1,0,0,0,1,0
313,2012,131779,23411.15,0,0,1,0,0,0,0,0,1,0,0,1,0
314,2018,45636,21718.2,0,0,0,1,0,1,0,0,0,0,1,0,0
315,2016,51005,23449.85,1,0,0,0,0,0,1,0,0,0,1,0,0
316,2017,80534,20973.3,0,0,0,1,0,0,0,1,0,0,1,0,0
317,2022,83667,15816.65,0,0,0,1,0,0,0,0,0,1,0,0,1
318,2019,24396,21780.3,0,0,1,0,0,0,1,0,0,0,0,0,1
319,2011,12670,30366.5,0,0,0,1,0,0,1,0,0,0,1,0,0
320,2017,133563,18321.95,0,0,0,0,1,1,0,0,0,0,0,0,1
321,2019,35960,21202.0,0,0,0,0,1,1,0,0,0,0,1,0,0
322,2018,127007,17649.75,0,0,0,0,1,0,1,0,0,0,0,1,0
323,2011,112332,25383.5,1,0,0,0,0,1,0,0,0,0,1,0,0
324,2018,23963,22801.95,0,0,0,1,0,0,0,0,1,0,1,0,0
325,2018,102496,18875.2,1,0,0,0,0,0,0,0,1,0,1,0,0
326,2011,98379,26081.05,0,0,0,1,0,0,0,1,0,0,0,0,1
327,2010,32664,30366.8,0,1,0,0,0,0,0,0,1,0,0,1,0
328,2013,79668,25016.7,0,0,0,1,0,0,0,0,0,1,1,0,0
329,2022,77020,16149.1,0,1,0,0,0,1,0,0,0,0,0,0,1
330,2022,26242,18687.9,1,0,0,0,0,0,0,0,1,0,1,0,0
331,2019,93552,18322.4,0,0,0,1,0,0,0,1,0,0,1,0,0
332,2019,97616,18119.3,1,0,0,0,0,0,1,0,0,0,0,1,0
333,2016,127326,19633.7,0,0,0,0,1,0,1,0,0,0,1,0,0
334,2011,29379,29531.15,1,0,0,0,0,0,0,0,0,1,1,0,0
335,2019,132258,16387.199999999997,0,0,0,0,1,0,1,0,0,0,1,0,0
336,2012,26858,28657.2,0,1,0,0,0,1,0,0,0,0,1,0,0
337,2019,132549,16372.65,0,0,0,0,1,0,0,0,0,1,1,0,0
338,2017,137062,18147.0,0,0,1,0,0,0,1,0,0,0,0,1,0
339,2014,102123,22893.95,0,0,0,1,0,1,0,0,0,0,0,1,0
340,2022,87290,15635.6,0,0,0,1,0,0,1,0,0,0,0,0,1
341,2015,146704,19664.9,0,0,1,0,0,0,0,1,0,0,1,0,0
342,2017,137604,18119.9,0,0,0,0,1,1,0,0,0,0,0,0,1
343,2016,61257,22937.25,0,0,0,1,0,1,0,0,0,0,1,0,0
344,2011,68325,27583.75,0,0,0,0,1,0,0,1,0,0,1,0,0
345,2020,94847,17257.75,0,0,0,0,1,0,0,1,0,0,0,0,1
346,2014,131078,21446.2,0,0,1,0,0,0,0,1,0,0,0,1,0
347,2019,52450,20377.6,0,0,0,0,1,0,0,0,1,0,0,1,0
348,2016,13492,25325.5,1,0,0,0,0,0,1,0,0,0,1,0,0
349,2020,16317,21184.25,0,1,0,0,0,0,0,0,0,1,0,0,1
350,2019,79262,19037.0,0,0,1,0,0,0,0,0,1,0,1,0,0
351,2011,51775,28411.35,0,0,1,0,0,0,0,1,0,0,1,0,0
352,2017,21717,23914.25,1,0,0,0,0,1,0,0,0,0,1,0,0
353,2021,105673,15716.45,0,0,0,0,1,0,1,0,0,0,1,0,0
354,2019,13424,22328.8,0,1,0,0,0,0,0,1,0,0,1,0,0
355,2011,32459,29377.05,0,0,0,1,0,0,0,0,0,1,0,1,0
356,2019,105923,17703.949999999997,1,0,0,0,0,1,0,0,0,0,1,0,0
357,2016,91947,21402.65,0,1,0,0,0,1,0,0,0,0,1,0,0
358,2013,58045,26097.85,0,1,0,0,0,1,0,0,0,0,1,0,0
359,2016,125517,19724.15,0,0,1,0,0,0,1,0,0,0,1,0,0
360,2019,126523,16673.949999999997,0,0,0,0,1,0,0,1,0,0,1,0,0
361,2014,118261,22087.05,0,0,0,0,1,0,0,0,0,1,1,0,0
362,2014,72376,24381.1,0,0,1,0,0,0,0,0,0,1,1,0,0
363,2013,142970,21851.6,0,0,1,0,0,0,0,0,0,1,1,0,0
364,2012,140853,22957.45,0,0,1,0,0,0,1,0,0,0,1,0,0
365,2015,75691,23215.55,0,0,0,1,0,0,1,0,0,0,1,0,0
366,2016,100367,20981.75,0,0,1,0,0,0,0,0,0,1,0,0,1
367,2020,37051,20147.45,0,0,0,0,1,1,0,0,0,0,1,0,0
368,2018,141756,16912.3,0,1,0,0,0,0,0,0,0,1,1,0,0
369,2018,59531,21023.55,0,0,0,0,1,0,0,1,0,0,1,0,0
370,2019,46696,20665.1,1,0,0,0,0,0,0,0,1,0,1,0,0
371,2016,66677,22666.25,1,0,0,0,0,0,0,1,0,0,0,0,1
372,2016,39911,24004.55,0,0,0,1,0,0,0,0,1,0,0,0,1
373,2021,42395,18880.35,0,0,0,0,1,0,0,0,0,1,1,0,0
374,2013,28141,27592.95,0,0,1,0,0,0,0,0,0,1,1,0,0
375,2020,103522,16823.9,0,0,1,0,0,1,0,0,0,0,1,0,0
376,2017,120980,18951.1,0,1,0,0,0,0,1,0,0,0,0,1,0
377,2020,123309,15834.55,0,1,0,0,0,0,0,0,1,0,1,0,0
378,2020,132448,15377.6,1,0,0,0,0,0,0,0,1,0,0,1,0
379,2018,52704,21364.8,1,0,0,0,0,0,1,0,0,0,0,0,1
380,2014,149570,20521.6,0,0,0,0,1,0,1,0,0,0,1,0,0
381,2019,84918,18754.1,0,1,0,0,0,1,0,0,0,0,1,0,0
382,2014,138012,21099.300000000003,1,0,0,0,0,1,0,0,0,0,1,0,0
383,2018,118435,18078.35,0,1,0,0,0,0,1,0,0,0,1,0,0
384,2020,121125,15943.75,0,0,0,0,1,1,0,0,0,0,1,0,0
385,2014,44962,25752.0,0,1,0,0,0,0,0,1,0,0,1,0,0
386,2012,57881,27105.95,0,0,0,0,1,0,0,0,0,1,0,0,1
387,2016,130595,19470.15,0,0,1,0,0,0,0,0,0,1,0,0,1
388,2019,86855,18657.35,0,0,1,0,0,0,0,0,0,1,0,1,0
389,2018,42669,21866.55,0,1,0,0,0,0,0,0,1,0,1,0,0
390,2019,127210,16639.5,0,1,0,0,0,0,1,0,0,0,1,0,0
391,2022,111694,14415.4,0,1,0,0,0,0,0,0,0,1,0,0,1
392,2010,50056,29497.3,1,0,0,0,0,0,1,0,0,0,1,0,0
393,2011,102294,25885.4,0,1,0,0,0,0,0,0,0,1,0,1,0
394,2017,23363,23831.85,0,1,0,0,0,0,0,1,0,0,1,0,0
395,2011,30166,29491.8,0,0,0,0,1,1,0,0,0,0,1,0,0
396,2021,106594,15670.4,1,0,0,0,0,0,1,0,0,0,1,0,0
397,2016,48490,23575.4,0,1,0,0,0,0,0,0,0,1,0,0,1
398,2010,93271,27336.55,0,1,0,0,0,0,0,0,0,1,1,0,0
399,2017,40831,22958.55,0,1,0,0,0,0,0,0,0,1,0,0,1
400,2018,86192,19690.5,0,0,0,1,0,0,0,0,0,1,1,0,0
401,2014,44619,25769.05,1,0,0,0,0,0,0,0,0,1,1,0,0
402,2022,25928,18703.7,0,1,0,0,0,0,0,1,0,0,1,0,0
403,2013,43433,26828.35,0,0,0,1,0,0,1,0,0,0,0,0,1
404,2011,60548,27972.7,0,0,0,1,0,1,0,0,0,0,0,0,1
405,2014,90224,23488.7,0,0,1,0,0,1,0,0,0,0,0,0,1
406,2010,51134,29443.4,0,0,0,0,1,1,0,0,0,0,0,0,1
407,2017,63390,21830.5,0,0,1,0,0,0,0,0,0,1,1,0,0
408,2021,18104,20094.7,0,0,0,0,1,0,0,0,1,0,1,0,0
409,2016,89158,21542.1,0,0,0,1,0,0,0,1,0,0,0,1,0
410,2021,30611,19469.45,1,0,0,0,0,0,0,0,0,1,1,0,0
411,2014,121589,21920.65,1,0,0,0,0,0,1,0,0,0,1,0,0
412,2019,34918,21254.2,1,0,0,0,0,0,1,0,0,0,0,0,1
413,2020,99917,17004.15,0,0,0,0,1,0,0,0,1,0,0,1,0
414,2014,58887,25055.550000000003,0,0,1,0,0,1,0,0,0,0,1,0,0
415,2021,101862,15907.0,0,0,0,1,0,1,0,0,0,0,1,0,0
416,2014,51798,25410.2,0,0,1,0,0,0,1,0,0,0,1,0,0
417,2010,14502,31275.0,0,1,0,0,0,0,0,1,0,0,0,0,1
418,2016,101123,20943.95,0,0,1,0,0,1,0,0,0,0,1,0,0
419,2013,17912,28104.300000000003,0,0,1,0,0,0,1,0,0,0,1,0,0
420,2019,36297,21185.15,0,1,0,0,0,0,0,1,0,0,0,0,1
421,2020,11052,21447.5,0,0,1,0,0,0,0,0,0,1,1,0,0
422,2012,40442,27978.0,0,0,1,0,0,1,0,0,0,0,0,0,1
423,2011,19491,30025.55,0,0,1,0,0,0,1,0,0,0,0,0,1
424,2019,31246,21437.8,0,0,0,0,1,0,1,0,0,0,1,0,0
425,2010,97733,27113.35,1,0,0,0,0,0,1,0,0,0,0,0,1
426,2011,28108,29594.5,0,0,1,0,0,1,0,0,0,0,0,0,1
427,2010,59668,29016.7,0,0,0,0,1,0,0,1,0,0,1,0,0
428,2011,58163,28091.85,0,0,1,0,0,1,0,0,0,0,0,0,1
429,2022,60927,16953.65,0,0,1,0,0,1,0,0,0,0,1,0,0
430,2014,22980,26851.1,1,0,0,0,0,0,0,0,0,1,0,1,0
431,2014,19437,27028.15,0,0,1,0,0,0,1,0,0,0,0,0,1
432,2013,46895,26655.35,1,0,0,0,0,0,0,1,0,0,0,0,1
433,2015,27971,25601.45,1,0,0,0,0,0,0,0,0,1,1,0,0
434,2022,23865,18806.85,0,0,1,0,0,0,0,0,0,1,0,1,0
435,2021,102564,15871.9,1,0,0,0,0,0,0,0,1,0,1,0,0
436,2011,134783,24260.95,1,0,0,0,0,0,1,0,0,0,0,1,0
437,2020,133725,15313.85,1,0,0,0,0,0,0,0,1,0,0,0,1
438,2015,136557,20172.15,0,0,0,0,1,0,0,0,0,1,0,0,1
439,2019,93735,18313.35,0,0,0,1,0,1,0,0,0,0,0,0,1
440,2010,124705,25764.85,0,0,0,0,1,0,1,0,0,0,1,0,0
441,2011,121548,24922.5,0,0,0,1,0,0,0,0,0,1,1,0,0
442,2019,144647,15767.75,0,0,0,0,1,0,1,0,0,0,1,0,0
443,2012,71281,26436.05,0,0,0,0,1,0,1,0,0,0,0,0,1
444,2020,103321,16834.05,0,0,0,1,0,0,0,0,0,1,0,0,1
445,2014,110462,22477.0,0,1,0,0,0,0,1,0,0,0,0,0,1
446,2012,99189,25040.65,0,1,0,0,0,1,0,0,0,0,0,1,0
447,2022,19645,19017.65,0,1,0,0,0,0,0,0,0,1,1,0,0
448,2012,71988,26400.5,0,1,0,0,0,0,0,0,1,0,1,0,0
449,2011,27303,29634.95,1,0,0,0,0,0,0,0,1,0,0,0,1
450,2010,99101,27044.95,1,0,0,0,0,0,1,0,0,0,1,0,0
451,2016,71865,22406.65,1,0,0,0,0,0,1,0,0,0,1,0,0
452,2013,120835,22958.35,1,0,0,0,0,1,0,0,0,0,0,0,1
453,2011,123679,24816.15,0,1,0,0,0,0,1,0,0,0,0,1,0
454,2013,114176,23291.2,0,1,0,0,0,0,0,0,0,1,1,0,0
455,2021,14029,20298.45,0,1,0,0,0,0,1,0,0,0,0,1,0
456,2019,42231,20888.55,0,1,0,0,0,0,0,0,1,0,1,0,0
457,2018,27069,22646.65,0,0,0,1,0,0,1,0,0,0,0,0,1
458,2012,149613,22519.45,1,0,0,0,0,1,0,0,0,0,0,0,1
459,2017,70771,21461.55,0,0,1,0,0,0,0,0,0,1,1,0,0
460,2018,89682,19515.9,0,0,1,0,0,1,0,0,0,0,1,0,0
461,2016,70317,22484.25,1,0,0,0,0,0,0,0,1,0,1,0,0
462,2020,37236,20138.2,1,0,0,0,0,0,0,0,0,1,1,0,0
463,2019,63167,19841.65,0,0,1,0,0,0,0,0,0,1,1,0,0
464,2016,127662,19617.0,0,0,0,1,0,0,0,1,0,0,1,0,0
465,2010,105765,26711.85,0,0,0,0,1,0,0,1,0,0,1,0,0
466,2016,46605,23669.85,0,0,1,0,0,0,0,0,1,0,1,0,0
467,2010,109918,26504.2,0,0,1,0,0,1,0,0,0,0,1,0,0
468,2015,44741,24763.05,0,0,1,0,0,0,0,0,1,0,1,0,0
469,2020,64646,18767.8,1,0,0,0,0,1,0,0,0,0,0,1,0
470,2019,130681,16465.95,1,0,0,0,0,0,0,0,0,1,1,0,0
471,2021,121983,14900.749999999998,1,0,0,0,0,0,0,1,0,0,0,0,1
472,2016,12869,25356.65,0,0,0,0,1,1,0,0,0,0,1,0,0
473,2010,74570,28271.5,0,0,0,1,0,0,0,1,0,0,1,0,0
474,2016,125259,19737.05,0,0,1,0,0,0,1,0,0,0,0,1,0
475,2019,22474,21876.4,0,1,0,0,0,0,0,0,1,0,1,0,0
476,2018,17053,23147.45,0,1,0,0,0,0,1,0,0,0,0,1,0
477,2021,122651,14867.55,0,0,0,1,0,0,0,1,0,0,0,0,1
478,2021,130042,14498.0,0,0,1,0,0,0,0,0,0,1,0,0,1
479,2013,33515,27324.25,0,0,1,0,0,0,0,0,1,0,1,0,0
480,2012,101831,24908.55,0,1,0,0,0,1,0,0,0,0,1,0,0
481,2021,30893,19455.35,0,1,0,0,0,0,0,1,0,0,1,0,0
482,2014,33760,26312.1,1,0,0,0,0,0,0,0,1,0,0,0,1
483,2018,53638,21318.2,0,0,1,0,0,0,0,0,0,1,0,0,1
484,2010,134717,25264.15,0,1,0,0,0,1,0,0,0,0,1,0,0
485,2017,70870,21456.6,0,0,0,0,1,0,0,1,0,0,0,1,0
486,2022,147742,12613.0,0,1,0,0,0,0,0,0,1,0,1,0,0
487,2018,40594,21970.4,1,0,0,0,0,1,0,0,0,0,0,0,1
488,2014,24128,26793.6,0,0,0,0,1,0,0,0,0,1,0,1,0
489,2020,65285,18735.85,0,0,0,0,1,1,0,0,0,0,0,0,1
490,2017,22334,23883.4,1,0,0,0,0,0,1,0,0,0,1,0,0
491,2011,90734,26463.4,0,0,0,1,0,1,0,0,0,0,0,0,1
492,2012,129184,23540.9,0,1,0,0,0,0,0,0,0,1,1,0,0
493,2019,71338,19433.2,0,0,1,0,0,1,0,0,0,0,1,0,0
494,2015,120720,20964.1,0,0,0,0,1,0,0,0,0,1,0,1,0
495,2012,132012,23399.4,0,0,0,0,1,0,0,1,0,0,0,0,1
496,2014,55001,25249.95,0,0,0,1,0,0,0,0,0,1,1,0,0
497,2012,140142,22993.0,0,0,1,0,0,0,0,0,0,1,1,0,0
498,2022,62974,16851.2,0,0,0,1,0,0,1,0,0,0,0,1,0
499,2017,87569,20621.65,0,0,0,0,1,0,1,0,0,0,1,0,0
500,2021,98158,16092.2,0,0,0,0,1,0,0,1,0,0,1,0,0
501,2016,101330,20933.4,0,1,0,0,0,0,0,0,0,1,0,0,1
502,2011,87729,26613.55,0,0,0,0,1,0,0,0,1,0,1,0,0
503,2016,46914,23654.4,0,0,1,0,0,1,0,0,0,0,1,0,0
504,2014,27120,26644.1,0,1,0,0,0,0,0,0,1,0,1,0,0
505,2017,55739,22213.05,0,1,0,0,0,0,1,0,0,0,0,0,1
506,2015,131563,20421.95,0,0,0,1,0,0,1,0,0,0,0,0,1
507,2021,118937,15053.15,0,0,1,0,0,1,0,0,0,0,0,0,1
508,2013,109321,23533.95,0,0,0,1,0,0,0,0,1,0,1,0,0
509,2020,29755,20512.25,1,0,0,0,0,0,1,0,0,0,0,0,1
510,2020,25872,20706.4,0,0,0,1,0,0,1,0,0,0,1,0,0
511,2022,125945,13702.85,1,0,0,0,0,0,0,0,0,1,1,0,0
512,2019,63271,19836.55,1,0,0,0,0,0,0,0,0,1,0,1,0
513,2010,52941,29353.05,1,0,0,0,0,0,0,0,1,0,1,0,0
514,2014,119129,22043.55,0,0,0,0,1,1,0,0,0,0,1,0,0
515,2022,50136,17493.3,0,0,0,0,1,1,0,0,0,0,0,0,1
516,2018,42073,21896.35,0,0,0,0,1,0,0,1,0,0,1,0,0
517,2015,147849,19607.55,1,0,0,0,0,0,0,0,1,0,1,0,0
518,2017,37884,23105.8,0,0,0,1,0,0,0,0,1,0,0,1,0
519,2021,89782,16511.0,0,1,0,0,0,0,0,0,0,1,1,0,0
520,2018,127513,17624.35,1,0,0,0,0,0,1,0,0,0,1,0,0
521,2010,29791,30510.55,0,0,0,0,1,1,0,0,0,0,1,0,0
522,2017,42364,22881.8,1,0,0,0,0,0,0,0,0,1,1,0,0
523,2014,57943,25102.85,0,0,0,0,1,0,1,0,0,0,0,0,1
524,2014,135770,21211.6,0,1,0,0,0,0,0,0,1,0,0,0,1
525,2015,77740,23113.0,0,0,0,1,0,1,0,0,0,0,1,0,0
526,2012,26940,28653.1,1,0,0,0,0,0,0,0,0,1,0,0,1
527,2014,36210,26189.5,0,1,0,0,0,0,1,0,0,0,0,0,1
528,2017,66819,21659.15,1,0,0,0,0,0,0,0,1,0,1,0,0
529,2014,43424,25828.9,0,0,0,1,0,0,1,0,0,0,0,1,0
530,2017,103903,19804.85,0,0,1,0,0,0,1,0,0,0,0,0,1
531,2021,98401,16079.95,0,0,0,1,0,0,0,0,0,1,0,0,1
532,2016,28225,24588.75,0,1,0,0,0,0,0,0,1,0,0,0,1
533,2015,65064,23746.9,0,0,0,0,1,1,0,0,0,0,1,0,0
534,2011,69323,27533.85,1,0,0,0,0,1,0,0,0,0,0,0,1
535,2015,26418,25679.2,1,0,0,0,0,0,0,0,1,0,0,1,0
536,2015,32282,25385.9,0,0,0,1,0,0,0,1,0,0,1,0,0
537,2011,134292,24285.4,0,0,0,0,1,0,1,0,0,0,0,0,1
538,2010,121868,25906.6,0,1,0,0,0,0,0,1,0,0,1,0,0
539,2011,106621,25669.05,0,1,0,0,0,0,0,0,0,1,1,0,0
540,2022,28261,18586.95,0,0,1,0,0,0,0,0,0,1,0,0,1
541,2010,42099,29895.05,0,0,0,1,0,0,0,0,1,0,0,0,1
542,2020,28846,20557.8,0,0,1,0,0,0,0,1,0,0,0,1,0
543,2010,123140,25842.9,0,0,0,0,1,0,0,0,0,1,0,1,0
544,2015,120715,20964.25,1,0,0,0,0,0,0,1,0,0,1,0,0
545,2013,56750,26162.6,0,1,0,0,0,0,0,1,0,0,0,1,0
546,2018,61510,20924.6,1,0,0,0,0,0,0,1,0,0,0,0,1
547,2022,54507,17274.65,0,1,0,0,0,0,0,1,0,0,1,0,0
548,2018,78256,20087.3,0,0,1,0,0,0,0,1,0,0,1,0,0
549,2015,99084,22045.9,0,1,0,0,0,0,0,0,1,0,1,0,0
550,2015,51625,24418.85,0,0,0,1,0,0,1,0,0,0,1,0,0
551,2022,73222,16338.9,0,0,0,1,0,0,1,0,0,0,0,1,0
552,2015,49624,24518.9,0,0,0,0,1,0,0,0,1,0,1,0,0
553,2021,81288,16935.699999999997,0,0,1,0,0,0,0,0,0,1,0,0,1
554,2014,133552,21322.5,0,0,0,1,0,0,0,0,0,1,1,0,0
555,2022,85718,15714.2,1,0,0,0,0,1,0,0,0,0,1,0,0
556,2018,136822,17159.0,0,0,1,0,0,0,0,1,0,0,1,0,0
557,2010,100958,26952.2,1,0,0,0,0,1,0,0,0,0,1,0,0
558,2022,110420,14479.1,0,0,1,0,0,0,0,1,0,0,0,0,1
559,2017,149439,17528.05,1,0,0,0,0,0,0,0,0,1,0,0,1
560,2018,112050,18397.6,1,0,0,0,0,0,1,0,0,0,1,0,0
561,2015,24487,25775.75,0,0,1,0,0,0,0,0,1,0,0,1,0
562,2021,82355,16882.35,0,0,0,0,1,1,0,0,0,0,0,0,1
563,2022,11057,19447.25,0,0,0,1,0,0,0,0,1,0,1,0,0
564,2016,114976,20251.3,0,1,0,0,0,0,1,0,0,0,0,0,1
565,2021,31087,19445.65,0,0,1,0,0,1,0,0,0,0,1,0,0
566,2018,65155,20742.25,1,0,0,0,0,0,0,0,0,1,0,0,1
567,2022,87360,15631.9,1,0,0,0,0,1,0,0,0,0,0,0,1
568,2022,83446,15827.7,1,0,0,0,0,0,0,0,1,0,0,0,1
569,2018,144159,16792.149999999998,0,0,0,1,0,0,1,0,0,0,1,0,0
570,2021,126747,14662.75,0,1,0,0,0,0,1,0,0,0,1,0,0
571,2014,105007,22749.75,0,1,0,0,0,0,0,0,0,1,1,0,0
572,2010,131693,25415.45,0,0,1,0,0,1,0,0,0,0,1,0,0
573,2022,125405,13729.85,0,0,0,0,1,0,0,0,0,1,1,0,0
574,2010,64157,28792.25,1,0,0,0,0,0,1,0,0,0,1,0,0
575,2022,137639,13118.05,0,0,0,1,0,1,0,0,0,0,1,0,0
576,2014,56259,25187.15,0,1,0,0,0,1,0,0,0,0,0,0,1
577,2010,70775,28461.35,0,0,0,0,1,1,0,0,0,0,1,0,0
578,2017,35981,23201.05,1,0,0,0,0,0,1,0,0,0,1,0,0
579,2016,52022,23398.9,1,0,0,0,0,0,0,0,0,1,1,0,0
580,2014,87329,23633.55,1,0,0,0,0,1,0,0,0,0,0,0,1
581,2017,12288,24385.7,0,0,0,0,1,0,0,0,0,1,1,0,0
582,2022,142482,12875.9,0,0,1,0,0,0,0,1,0,0,1,0,0
583,2011,35805,29209.85,0,0,1,0,0,0,0,0,1,0,1,0,0
584,2015,91550,22422.6,0,0,0,1,0,0,0,1,0,0,0,0,1
585,2020,125852,15707.4,1,0,0,0,0,1,0,0,0,0,1,0,0
586,2013,29419,27529.15,0,0,0,1,0,1,0,0,0,0,1,0,0
587,2017,82000,20900.1,0,0,0,0,1,1,0,0,0,0,1,0,0
588,2016,93459,21327.15,1,0,0,0,0,0,0,1,0,0,0,0,1
589,2018,27846,22607.6,0,0,1,0,0,0,0,1,0,0,1,0,0
590,2018,13723,23313.85,0,0,0,1,0,0,1,0,0,0,1,0,0
591,2011,143351,23832.55,0,0,0,0,1,0,1,0,0,0,1,0,0
592,2015,80511,22974.55,0,0,0,0,1,0,0,1,0,0,1,0,0
593,2022,98546,15072.7,0,0,1,0,0,0,0,1,0,0,0,0,1
594,2022,66060,16697.1,0,0,1,0,0,1,0,0,0,0,1,0,0
595,2010,129583,25520.85,1,0,0,0,0,0,0,0,1,0,1,0,0
596,2019,24578,21771.2,0,1,0,0,0,0,0,0,1,0,0,0,1
597,2011,16447,30177.65,0,1,0,0,0,1,0,0,0,0,0,0,1
598,2014,52705,25364.85,1,0,0,0,0,0,0,1,0,0,1,0,0
599,2012,39118,28044.2,0,0,0,0,1,1,0,0,0,0,1,0,0
600,2012,139087,23045.75,0,0,0,0,1,1,0,0,0,0,1,0,0
601,2016,129611,19519.45,0,0,0,0,1,0,0,0,0,1,0,1,0
602,2014,82880,23856.1,1,0,0,0,0,0,0,0,1,0,1,0,0
603,2017,105416,19729.2,0,0,0,1,0,1,0,0,0,0,1,0,0
604,2012,134181,23291.05,0,1,0,0,0,0,0,0,1,0,0,0,1
605,2016,80795,21960.25,0,0,0,0,1,0,0,1,0,0,1,0,0
606,2014,21339,26933.15,0,0,1,0,0,0,0,0,0,1,1,0,0
607,2013,48480,26576.1,0,0,0,1,0,0,0,0,1,0,0,0,1
608,2012,133111,23344.55,1,0,0,0,0,0,0,0,0,1,0,0,1
609,2012,112469,24376.65,0,0,1,0,0,0,0,0,0,1,0,0,1
610,2012,73578,26321.2,0,0,0,1,0,0,0,0,0,1,1,0,0
611,2011,118056,25097.3,0,1,0,0,0,1,0,0,0,0,1,0,0
612,2011,57879,28105.95,0,0,0,0,1,0,1,0,0,0,1,0,0
613,2018,65718,20714.1,0,0,0,1,0,0,1,0,0,0,1,0,0
614,2021,60272,17986.5,0,0,0,1,0,0,0,0,1,0,0,1,0
615,2010,54344,29282.7,0,0,0,1,0,0,1,0,0,0,1,0,0
616,2014,106646,22667.7,1,0,0,0,0,0,0,0,0,1,0,0,1
617,2013,66247,25687.75,1,0,0,0,0,0,0,1,0,0,0,0,1
618,2021,40122,18994.0,1,0,0,0,0,0,0,0,1,0,1,0,0
619,2017,18119,24094.05,0,1,0,0,0,0,0,0,0,1,0,0,1
620,2010,121674,25916.2,0,0,1,0,0,0,1,0,0,0,1,0,0
621,2020,107058,16647.0,0,0,0,0,1,0,1,0,0,0,1,0,0
622,2014,99627,23018.550000000003,0,0,0,1,0,0,0,0,1,0,1,0,0
623,2016,95531,21223.55,0,0,0,1,0,0,1,0,0,0,1,0,0
624,2012,98006,25099.8,0,0,0,0,1,0,1,0,0,0,0,0,1
625,2017,96018,20199.2,0,0,1,0,0,0,0,1,0,0,1,0,0
626,2012,13306,29334.8,0,1,0,0,0,0,1,0,0,0,0,0,1
627,2012,61491,26925.45,1,0,0,0,0,0,0,0,1,0,1,0,0
628,2018,51008,21449.6,1,0,0,0,0,1,0,0,0,0,1,0,0
629,2016,102895,20855.25,0,1,0,0,0,0,0,0,0,1,1,0,0
630,2014,29491,26525.55,1,0,0,0,0,0,0,0,1,0,1,0,0
631,2017,39333,23033.45,0,0,1,0,0,0,0,0,1,0,0,1,0
632,2014,28350,26582.6,0,1,0,0,0,1,0,0,0,0,1,0,0
633,2020,116611,16169.55,0,0,1,0,0,0,0,0,1,0,0,1,0
634,2013,29909,27504.65,0,0,0,0,1,0,0,0,1,0,0,1,0
635,2010,136821,25159.05,1,0,0,0,0,0,1,0,0,0,0,0,1
636,2014,80948,23952.7,0,0,0,0,1,1,0,0,0,0,1,0,0
637,2014,71453,24427.45,1,0,0,0,0,0,1,0,0,0,1,0,0
638,2010,116617,26169.15,1,0,0,0,0,0,0,0,0,1,1,0,0
639,2017,131649,18417.65,0,0,0,0,1,0,0,0,0,1,1,0,0
640,2010,114848,26257.7,0,0,1,0,0,1,0,0,0,0,1,0,0
641,2014,17168,27141.6,0,0,1,0,0,0,0,1,0,0,0,0,1
642,2010,47014,29649.4,0,0,0,0,1,0,0,0,1,0,1,0,0
643,2012,116576,24171.1,0,1,0,0,0,0,0,1,0,0,1,0,0
644,2019,53540,20323.0,0,0,0,1,0,0,1,0,0,0,1,0,0
645,2021,149648,13517.7,0,0,1,0,0,1,0,0,0,0,0,0,1
646,2010,123807,25809.75,0,0,1,0,0,1,0,0,0,0,1,0,0
647,2014,96707,23164.75,0,0,1,0,0,0,1,0,0,0,0,1,0
648,2018,88234,19588.3,0,0,0,1,0,1,0,0,0,0,1,0,0
649,2014,90705,23464.75,0,0,0,1,0,0,0,0,0,1,1,0,0
650,2021,142456,13877.3,0,0,1,0,0,1,0,0,0,0,0,0,1
651,2020,19789,21010.55,0,0,1,0,0,0,0,0,0,1,0,0,1
652,2018,88406,19579.7,0,1,0,0,0,0,1,0,0,0,0,0,1
653,2019,131966,16401.7,0,0,0,0,1,0,0,0,0,1,0,1,0
654,2022,33316,18334.2,0,0,1,0,0,1,0,0,0,0,1,0,0
655,2020,55979,19201.15,0,0,0,1,0,0,0,0,1,0,0,0,1
656,2022,127604,13619.9,0,0,0,0,1,0,0,0,0,1,0,1,0
657,2019,140224,15988.8,0,0,0,0,1,1,0,0,0,0,0,0,1
658,2016,121615,19919.35,0,0,1,0,0,1,0,0,0,0,1,0,0
659,2022,107782,14611.0,1,0,0,0,0,0,0,1,0,0,1,0,0
660,2011,124052,24797.4,0,0,0,0,1,0,0,0,0,1,1,0,0
661,2019,104878,17756.199999999997,0,0,0,1,0,1,0,0,0,0,1,0,0
662,2021,64317,17784.25,0,0,1,0,0,1,0,0,0,0,1,0,0
663,2012,143456,22827.3,0,0,1,0,0,0,0,0,0,1,1,0,0
664,2016,98304,21084.9,0,0,1,0,0,0,0,0,0,1,1,0,0
665,2021,122918,14854.2,1,0,0,0,0,0,0,0,1,0,0,0,1
666,2010,14506,31274.7,1,0,0,0,0,0,0,1,0,0,0,1,0
667,2013,24945,27752.85,0,0,1,0,0,0,1,0,0,0,0,1,0
668,2013,13416,28329.3,0,1,0,0,0,1,0,0,0,0,1,0,0
669,2020,24393,20780.35,0,0,0,1,0,1,0,0,0,0,0,0,1
670,2021,136237,14188.05,1,0,0,0,0,0,1,0,0,0,1,0,0
671,2020,31470,20426.6,0,0,1,0,0,0,0,0,0,1,1,0,0
672,2021,63376,17831.3,0,0,1,0,0,1,0,0,0,0,1,0,0
673,2022,85972,15701.5,0,0,1,0,0,0,0,0,0,1,1,0,0
674,2017,54466,22276.8,0,0,0,0,1,0,1,0,0,0,0,0,1
675,2011,103788,25810.7,0,0,0,1,0,0,1,0,0,0,1,0,0
676,2011,87442,26628.0,0,0,1,0,0,0,0,0,0,1,1,0,0
677,2011,76042,27197.9,0,1,0,0,0,1,0,0,0,0,0,0,1
678,2013,36544,27172.9,0,0,1,0,0,0,0,0,1,0,1,0,0
679,2014,109684,22515.7,0,0,0,1,0,1,0,0,0,0,1,0,0
680,2013,81670,24916.6,0,1,0,0,0,0,0,1,0,0,0,0,1
681,2018,97881,19106.05,0,0,0,1,0,1,0,0,0,0,1,0,0
682,2021,52464,18376.9,0,0,1,0,0,0,0,0,0,1,0,1,0
683,2013,121745,22912.85,0,1,0,0,0,0,0,0,1,0,1,0,0
684,2014,103515,22824.35,0,0,1,0,0,0,0,0,1,0,0,0,1
685,2020,30823,20458.95,0,1,0,0,0,0,1,0,0,0,1,0,0
686,2012,149794,22510.4,0,0,0,1,0,1,0,0,0,0,1,0,0
687,2017,16738,24163.1,1,0,0,0,0,0,0,1,0,0,1,0,0
688,2014,54608,25269.7,0,0,0,1,0,0,1,0,0,0,1,0,0
689,2022,47702,17615.0,0,0,0,1,0,1,0,0,0,0,1,0,0
690,2021,61150,17942.6,0,1,0,0,0,0,1,0,0,0,1,0,0
691,2020,62934,18853.4,0,0,0,1,0,0,0,0,1,0,1,0,0
692,2021,111050,15447.5,0,0,0,0,1,0,0,0,1,0,1,0,0
693,2013,139970,22001.6,0,0,0,1,0,0,1,0,0,0,1,0,0
694,2019,48268,20586.6,0,0,0,0,1,1,0,0,0,0,1,0,0
695,2013,102622,23868.9,0,1,0,0,0,0,0,0,1,0,1,0,0
696,2014,58577,25071.25,0,1,0,0,0,0,0,1,0,0,1,0,0
697,2017,97843,20107.95,0,1,0,0,0,0,1,0,0,0,0,0,1
698,2022,29471,18526.45,0,1,0,0,0,0,1,0,0,0,1,0,0
699,2013,39120,27044.1,1,0,0,0,0,0,1,0,0,0,0,1,0
700,2012,20345,28982.85,0,0,0,0,1,0,1,0,0,0,0,0,1
701,2010,65181,28740.95,0,1,0,0,0,0,0,0,0,1,0,0,1
702,2017,91498,20425.1,0,1,0,0,0,0,1,0,0,0,1,0,0
703,2014,144681,20766.05,0,0,0,1,0,1,0,0,0,0,1,0,0
704,2019,122038,16898.199999999997,1,0,0,0,0,0,0,1,0,0,0,0,1
705,2020,136729,15163.45,0,0,0,0,1,0,1,0,0,0,1,0,0
706,2020,70547,18472.550000000003,0,0,0,1,0,0,0,0,0,1,0,0,1
707,2014,91148,23442.6,1,0,0,0,0,1,0,0,0,0,1,0,0
708,2010,84697,27765.050000000003,0,0,0,1,0,0,0,0,1,0,0,0,1
709,2015,147077,19646.25,0,0,1,0,0,0,0,0,0,1,1,0,0
710,2021,75674,17216.399999999998,0,1,0,0,0,0,0,1,0,0,1,0,0
711,2010,79677,28016.25,1,0,0,0,0,0,1,0,0,0,1,0,0
712,2014,37607,26119.65,0,0,0,1,0,0,0,0,1,0,0,0,1
713,2011,132239,24388.15,0,0,1,0,0,0,0,0,0,1,0,0,1
714,2010,139826,25008.8,0,0,0,0,1,0,1,0,0,0,1,0,0
715,2011,33101,29345.05,0,0,1,0,0,0,0,0,1,0,0,0,1
716,2013,102901,23854.85,0,0,0,0,1,1,0,0,0,0,1,0,0
717,2013,75318,25234.1,0,0,1,0,0,0,1,0,0,0,1,0,0
718,2017,127836,18608.2,0,1,0,0,0,0,1,0,0,0,0,0,1
719,2020,146457,14677.25,1,0,0,0,0,1,0,0,0,0,1,0,0
720,2022,94256,15287.3,0,0,0,1,0,1,0,0,0,0,0,1,0
721,2018,136777,17161.25,0,0,1,0,0,0,0,0,0,1,1,0,0
722,2019,29100,21545.1,0,0,1,0,0,0,1,0,0,0,1,0,0
723,2021,79881,17006.05,1,0,0,0,0,0,1,0,0,0,0,0,1
724,2012,72070,26396.6,1,0,0,0,0,1,0,0,0,0,1,0,0
725,2011,63223,27838.95,1,0,0,0,0,0,0,1,0,0,1,0,0
726,2011,120615,24969.15,0,0,0,0,1,0,1,0,0,0,0,0,1
727,2018,81236,19938.2,1,0,0,0,0,0,0,0,1,0,0,1,0
728,2020,96791,17160.55,0,0,0,1,0,0,0,1,0,0,1,0,0
729,2021,34932,19253.5,1,0,0,0,0,0,0,0,1,0,1,0,0
730,2011,22768,29861.7,1,0,0,0,0,0,0,0,0,1,1,0,0
731,2016,111433,20428.35,1,0,0,0,0,0,0,0,0,1,0,0,1
732,2021,84577,16771.050000000003,0,0,1,0,0,0,0,1,0,0,1,0,0
733,2022,66857,16657.25,0,0,0,0,1,1,0,0,0,0,0,0,1
734,2016,141774,18911.3,0,0,1,0,0,0,1,0,0,0,0,0,1
735,2012,55039,27248.15,0,1,0,0,0,0,0,1,0,0,1,0,0
736,2018,92293,19385.45,0,0,0,0,1,0,0,1,0,0,1,0,0
737,2015,50227,24488.75,0,0,0,0,1,0,0,0,1,0,0,1,0
738,2020,146032,14698.3,1,0,0,0,0,0,0,0,1,0,0,0,1
739,2016,11712,25414.4,1,0,0,0,0,0,0,0,1,0,0,0,1
740,2011,10893,30455.25,0,0,0,1,0,0,0,0,1,0,1,0,0
741,2016,69357,22532.15,1,0,0,0,0,0,0,0,1,0,0,0,1
742,2020,134241,15287.95,0,0,0,0,1,0,0,0,0,1,1,0,0
743,2011,86503,26674.95,0,0,1,0,0,0,0,0,1,0,1,0,0
744,2020,31423,20428.85,0,0,1,0,0,0,0,0,1,0,1,0,0
745,2016,77119,22143.95,0,1,0,0,0,0,0,0,1,0,1,0,0
746,2020,19145,21042.65,0,0,0,0,1,0,0,1,0,0,1,0,0
747,2017,45739,22713.15,1,0,0,0,0,0,0,1,0,0,1,0,0
748,2019,28133,21593.45,0,1,0,0,0,0,0,0,0,1,1,0,0
749,2019,105690,17715.5,0,1,0,0,0,0,0,1,0,0,1,0,0
750,2020,119038,16048.2,1,0,0,0,0,0,0,0,0,1,1,0,0
751,2020,64221,18789.05,0,0,0,0,1,0,1,0,0,0,0,0,1
752,2011,77760,27111.9,0,0,1,0,0,0,0,1,0,0,0,0,1
753,2014,33785,26310.85,0,0,0,0,1,0,1,0,0,0,0,0,1
754,2020,61104,18944.8,0,0,0,0,1,0,0,0,1,0,1,0,0
755,2019,106037,17698.25,0,0,1,0,0,0,0,0,1,0,1,0,0
756,2017,108648,19567.6,0,0,1,0,0,0,1,0,0,0,1,0,0
757,2020,101801,16910.05,0,0,0,0,1,1,0,0,0,0,1,0,0
758,2016,11795,25410.35,1,0,0,0,0,0,0,1,0,0,1,0,0
759,2019,64700,19765.0,0,1,0,0,0,0,0,0,1,0,0,0,1
760,2021,42702,18865.0,0,0,0,0,1,0,0,0,1,0,1,0,0
761,2010,85004,27749.9,0,0,0,0,1,0,1,0,0,0,0,1,0
762,2012,97595,25120.35,0,0,0,0,1,0,0,0,1,0,0,0,1
763,2021,135165,14241.85,1,0,0,0,0,1,0,0,0,0,1,0,0
764,2022,145864,12706.9,0,0,0,0,1,0,0,0,1,0,1,0,0
765,2021,133133,14343.45,0,0,0,0,1,0,0,1,0,0,1,0,0
766,2019,43995,20800.35,1,0,0,0,0,0,1,0,0,0,1,0,0
767,2014,131612,21419.5,0,0,0,1,0,0,1,0,0,0,0,1,0
768,2012,74521,26273.95,0,0,1,0,0,1,0,0,0,0,0,1,0
769,2014,106467,22676.75,0,1,0,0,0,0,0,0,0,1,0,1,0
770,2013,77857,25107.25,0,0,1,0,0,0,0,0,1,0,1,0,0
771,2019,13554,22322.4,1,0,0,0,0,0,0,0,1,0,0,0,1
772,2015,122891,20855.55,0,0,1,0,0,0,1,0,0,0,1,0,0
773,2010,89618,27519.2,1,0,0,0,0,1,0,0,0,0,0,0,1
774,2010,74986,28250.7,0,1,0,0,0,0,1,0,0,0,0,1,0
775,2017,73340,21333.1,0,0,0,1,0,0,0,0,0,1,1,0,0
776,2015,148214,19589.4,1,0,0,0,0,1,0,0,0,0,1,0,0
777,2015,122879,20856.15,0,0,1,0,0,0,0,1,0,0,1,0,0
778,2017,45756,22712.3,0,1,0,0,0,1,0,0,0,0,0,0,1
779,2017,149068,17546.6,0,1,0,0,0,0,1,0,0,0,0,0,1
780,2011,137472,24126.4,0,0,1,0,0,0,0,0,0,1,1,0,0
781,2020,90987,17450.65,0,1,0,0,0,0,0,0,1,0,1,0,0
782,2017,123512,18824.5,0,0,0,1,0,0,1,0,0,0,1,0,0
783,2017,116988,19150.7,0,1,0,0,0,0,0,1,0,0,1,0,0
784,2020,86137,17693.25,0,0,0,0,1,1,0,0,0,0,0,1,0
785,2011,51340,28433.1,0,0,0,0,1,0,0,0,1,0,1,0,0
786,2018,136757,17162.15,1,0,0,0,0,0,0,0,0,1,0,0,1
787,2014,34734,26263.3,0,0,1,0,0,0,0,1,0,0,0,1,0
788,2016,80192,21990.5,0,0,1,0,0,1,0,0,0,0,1,0,0
789,2019,123810,16809.4,0,0,0,1,0,0,0,0,0,1,1,0,0
790,2016,149200,18540.1,1,0,0,0,0,1,0,0,0,0,1,0,0
791,2010,147306,24634.7,0,0,1,0,0,0,0,1,0,0,0,0,1
792,2020,107596,16620.3,1,0,0,0,0,0,1,0,0,0,0,0,1
793,2011,128818,24559.0,0,0,0,0,1,0,0,0,1,0,1,0,0
794,2018,35305,22234.75,0,0,1,0,0,0,1,0,0,0,1,0,0
795,2017,94183,20290.85,0,0,1,0,0,0,0,1,0,0,1,0,0
796,2020,42621,19868.85,0,0,0,0,1,1,0,0,0,0,0,0,1
797,2021,96118,16194.2,1,0,0,0,0,0,0,1,0,0,1,0,0
798,2014,79483,24025.85,0,1,0,0,0,0,0,0,1,0,0,0,1
799,2017,133889,18305.65,1,0,0,0,0,1,0,0,0,0,1,0,0
800,2013,59560,26022.0,0,0,0,1,0,0,0,0,0,1,1,0,0
801,2021,87129,16643.649999999998,0,0,0,0,1,0,0,1,0,0,1,0,0
802,2014,93807,23309.75,0,1,0,0,0,0,0,0,1,0,1,0,0
803,2011,108907,25554.75,0,0,0,0,1,0,1,0,0,0,0,0,1
804,2015,61687,23915.75,0,1,0,0,0,1,0,0,0,0,0,0,1
805,2016,56247,23187.75,1,0,0,0,0,1,0,0,0,0,0,0,1
806,2022,15992,19200.5,0,0,0,1,0,1,0,0,0,0,0,1,0
807,2012,48331,27583.55,0,0,1,0,0,0,0,1,0,0,1,0,0
808,2013,106330,23683.6,0,0,0,1,0,0,0,0,1,0,0,0,1
809,2017,63826,21808.8,0,0,0,0,1,0,0,1,0,0,0,0,1
810,2013,36782,27160.9,0,0,1,0,0,0,1,0,0,0,1,0,0
811,2021,109551,15522.55,0,1,0,0,0,0,0,0,1,0,1,0,0
812,2011,124937,24753.15,0,0,0,0,1,0,1,0,0,0,1,0,0
813,2010,99234,27038.4,0,1,0,0,0,0,1,0,0,0,1,0,0
814,2012,102406,24879.8,0,0,1,0,0,0,1,0,0,0,1,0,0
815,2022,140603,12969.85,0,0,1,0,0,1,0,0,0,0,1,0,0
816,2012,47534,27623.3,0,0,0,1,0,0,0,1,0,0,0,0,1
817,2011,50007,28499.75,1,0,0,0,0,0,0,0,1,0,0,1,0
818,2017,15545,24222.85,0,0,1,0,0,1,0,0,0,0,1,0,0
819,2022,142080,12896.0,0,1,0,0,0,0,1,0,0,0,0,0,1
820,2021,127693,14615.45,0,0,0,0,1,0,0,0,1,0,1,0,0
821,2010,63023,28848.95,0,1,0,0,0,1,0,0,0,0,1,0,0
822,2017,148254,17587.3,1,0,0,0,0,0,0,1,0,0,1,0,0
823,2021,136606,14169.6,0,0,1,0,0,0,0,1,0,0,0,0,1
824,2010,47611,29619.55,0,0,1,0,0,0,0,1,0,0,1,0,0
825,2014,106119,22694.15,0,0,0,1,0,0,0,0,1,0,1,0,0
826,2011,102926,25853.8,0,0,0,0,1,0,0,1,0,0,0,0,1
827,2019,120286,16985.8,1,0,0,0,0,0,1,0,0,0,1,0,0
828,2022,72203,16389.949999999997,0,0,0,1,0,0,0,0,0,1,1,0,0
829,2019,48503,20574.85,0,0,0,0,1,0,1,0,0,0,1,0,0
830,2013,136202,22190.0,0,0,1,0,0,0,1,0,0,0,0,0,1
831,2019,122062,16896.800000000003,0,0,1,0,0,0,0,0,0,1,0,0,1
832,2012,45294,27735.4,0,0,0,0,1,0,0,1,0,0,1,0,0
833,2020,104399,16780.05,0,0,1,0,0,0,0,0,0,1,0,1,0
834,2019,137827,16108.65,0,1,0,0,0,0,1,0,0,0,0,0,1
835,2013,108091,23595.45,0,0,0,0,1,1,0,0,0,0,1,0,0
836,2010,68159,28592.15,0,0,1,0,0,1,0,0,0,0,1,0,0
837,2019,59808,20009.7,0,0,0,1,0,1,0,0,0,0,0,0,1
838,2014,33890,26305.6,0,0,0,1,0,0,0,0,0,1,1,0,0
839,2017,125049,18747.45,0,0,0,1,0,0,0,0,1,0,0,0,1
840,2019,30687,21465.75,0,0,1,0,0,0,0,1,0,0,0,1,0
841,2022,56155,17192.15,0,0,0,1,0,1,0,0,0,0,0,0,1
842,2014,49867,25506.75,1,0,0,0,0,1,0,0,0,0,1,0,0
843,2011,113560,25322.0,0,0,0,0,1,0,0,1,0,0,1,0,0
844,2022,46699,17665.149999999998,0,0,0,0,1,0,0,1,0,0,0,0,1
845,2010,81063,27946.95,0,0,0,0,1,1,0,0,0,0,1,0,0
846,2013,41285,26935.75,0,0,0,1,0,0,1,0,0,0,1,0,0
847,2010,109321,26534.05,1,0,0,0,0,1,0,0,0,0,0,0,1
848,2021,75482,17226.0,0,1,0,0,0,0,0,0,0,1,1,0,0
849,2018,75823,20208.85,0,0,0,1,0,0,0,0,1,0,0,0,1
850,2012,15826,29208.8,1,0,0,0,0,0,0,1,0,0,1,0,0
851,2011,112032,25398.300000000003,0,0,1,0,0,0,0,1,0,0,1,0,0
852,2014,44172,25791.5,0,1,0,0,0,1,0,0,0,0,1,0,0
853,2012,21025,28948.65,0,0,1,0,0,0,0,0,1,0,1,0,0
854,2011,103575,25821.35,0,0,1,0,0,0,1,0,0,0,1,0,0
855,2011,53575,28321.35,0,0,0,0,1,0,0,1,0,0,0,0,1
856,2022,116465,14176.85,0,0,0,0,1,0,1,0,0,0,1,0,0
857,2010,37265,30136.75,0,0,0,1,0,0,0,1,0,0,0,1,0
858,2011,25277,29736.15,0,1,0,0,0,0,0,1,0,0,1,0,0
859,2013,83668,24816.7,1,0,0,0,0,0,0,0,0,1,0,0,1
860,2014,10120,27494.1,0,0,1,0,0,0,0,1,0,0,1,0,0
861,2014,36447,26177.75,0,0,0,1,0,0,0,1,0,0,0,0,1
862,2018,96151,19192.55,1,0,0,0,0,0,1,0,0,0,1,0,0
863,2016,47829,23608.65,0,0,0,1,0,0,0,0,0,1,1,0,0
864,2010,145528,24723.6,0,0,0,0,1,0,1,0,0,0,1,0,0
865,2019,61278,19936.1,0,0,0,1,0,1,0,0,0,0,0,0,1
866,2012,21770,28911.4,0,0,0,1,0,1,0,0,0,0,1,0,0
867,2013,49622,26519.0,0,1,0,0,0,0,0,0,0,1,1,0,0
868,2013,82654,24867.2,0,0,0,1,0,0,0,0,0,1,1,0,0
869,2018,55849,21207.65,0,0,1,0,0,0,0,1,0,0,1,0,0
870,2019,115299,17235.05,0,0,1,0,0,0,0,1,0,0,1,0,0
871,2012,29265,28536.85,0,0,0,0,1,0,1,0,0,0,1,0,0
872,2022,23865,18806.85,0,0,0,1,0,0,0,1,0,0,1,0,0
873,2019,84547,18772.75,1,0,0,0,0,0,0,1,0,0,1,0,0
874,2013,97585,24120.85,0,0,0,1,0,0,0,0,1,0,1,0,0
875,2015,22308,25884.5,0,0,0,0,1,0,0,1,0,0,0,1,0
876,2012,84092,25795.5,0,0,1,0,0,0,1,0,0,0,1,0,0
877,2014,94561,23271.95,0,0,0,0,1,0,0,1,0,0,0,1,0
878,2021,84366,16781.8,0,0,0,1,0,1,0,0,0,0,1,0,0
879,2021,126719,14664.05,0,0,0,1,0,1,0,0,0,0,1,0,0
880,2014,75393,24230.35,0,0,1,0,0,0,0,0,0,1,0,0,1
881,2010,12923,31353.95,0,0,0,0,1,0,0,0,1,0,1,0,0
882,2012,43860,27807.1,0,0,0,1,0,1,0,0,0,0,1,0,0
883,2019,96715,18164.35,0,0,0,1,0,0,0,1,0,0,1,0,0
884,2016,105787,20710.65,1,0,0,0,0,0,1,0,0,0,0,0,1
885,2010,115209,26239.65,0,0,0,0,1,0,0,0,0,1,1,0,0
886,2020,46725,19663.85,0,0,0,0,1,1,0,0,0,0,1,0,0
887,2013,108600,23570.0,0,0,0,1,0,0,0,1,0,0,1,0,0
888,2019,30151,21492.45,0,1,0,0,0,1,0,0,0,0,0,0,1
889,2015,82459,22876.95,0,1,0,0,0,1,0,0,0,0,1,0,0
890,2010,22994,30850.4,1,0,0,0,0,0,0,0,0,1,0,0,1
891,2012,114588,24270.5,0,1,0,0,0,1,0,0,0,0,0,0,1
892,2012,138655,23067.35,0,1,0,0,0,0,0,1,0,0,0,0,1
893,2021,26938,19653.2,0,1,0,0,0,0,0,0,1,0,1,0,0
894,2022,60341,16983.05,0,1,0,0,0,0,1,0,0,0,1,0,0
895,2014,117813,22109.35,0,0,0,0,1,1,0,0,0,0,1,0,0
896,2012,32250,28387.6,0,1,0,0,0,0,0,0,1,0,1,0,0
897,2020,75326,18233.7,0,0,1,0,0,0,1,0,0,0,1,0,0
898,2013,44970,26751.4,1,0,0,0,0,0,0,0,1,0,0,0,1
899,2010,40889,29955.55,0,0,0,1,0,0,0,1,0,0,0,0,1
900,2018,104690,18765.5,0,0,1,0,0,0,1,0,0,0,0,0,1
901,2012,34266,28286.7,0,1,0,0,0,1,0,0,0,0,0,1,0
902,2016,116714,20164.4,0,0,0,0,1,0,0,0,1,0,0,1,0
903,2010,61450,28927.6,0,0,1,0,0,0,1,0,0,0,1,0,0
904,2015,79970,23001.4,0,1,0,0,0,0,0,0,1,0,1,0,0
905,2013,19440,28028.0,1,0,0,0,0,0,0,0,1,0,0,0,1
906,2010,94434,27278.4,0,0,1,0,0,0,0,0,0,1,1,0,0
907,2018,86446,19677.8,1,0,0,0,0,1,0,0,0,0,0,1,0
908,2022,70874,16456.399999999998,1,0,0,0,0,0,0,1,0,0,0,0,1
909,2019,140645,15967.85,0,0,0,0,1,0,0,0,1,0,1,0,0
910,2018,19475,23026.35,1,0,0,0,0,0,1,0,0,0,1,0,0
911,2012,126659,23667.15,1,0,0,0,0,1,0,0,0,0,1,0,0
912,2011,60733,27963.45,0,0,0,0,1,1,0,0,0,0,1,0,0
913,2016,97889,21105.55,1,0,0,0,0,0,0,1,0,0,0,0,1
914,2010,54309,29284.65,0,1,0,0,0,0,1,0,0,0,1,0,0
915,2012,135239,23238.05,0,1,0,0,0,0,1,0,0,0,1,0,0
916,2012,111072,24446.5,0,1,0,0,0,0,0,0,0,1,1,0,0
917,2018,97741,19113.05,0,0,0,1,0,0,0,1,0,0,1,0,0
918,2020,95720,17214.1,1,0,0,0,0,0,0,1,0,0,1,0,0
919,2011,41636,28918.2,0,0,0,1,0,0,0,0,1,0,0,1,0
920,2021,21971,19901.55,0,1,0,0,0,0,1,0,0,0,0,1,0
921,2020,31688,20415.7,0,0,1,0,0,0,0,0,0,1,1,0,0
922,2013,70354,25482.3,1,0,0,0,0,1,0,0,0,0,1,0,0
923,2018,101911,18904.45,1,0,0,0,0,0,0,0,1,0,0,0,1
924,2019,30538,21473.2,0,1,0,0,0,1,0,0,0,0,0,0,1
925,2011,13052,30347.4,0,1,0,0,0,0,1,0,0,0,1,0,0
926,2011,38801,29060.05,1,0,0,0,0,1,0,0,0,0,1,0,0
927,2013,114013,23299.35,1,0,0,0,0,0,1,0,0,0,1,0,0
928,2021,110323,15483.95,0,0,0,0,1,0,0,0,1,0,0,0,1
929,2016,74780,22261.0,0,1,0,0,0,0,0,1,0,0,1,0,0
930,2018,68977,20551.25,1,0,0,0,0,0,0,0,1,0,0,1,0
931,2017,24030,23798.4,0,0,1,0,0,0,1,0,0,0,1,0,0
932,2018,105608,18719.7,1,0,0,0,0,0,0,1,0,0,0,0,1
933,2016,38708,24064.7,0,0,1,0,0,0,0,1,0,0,1,0,0
934,2018,136627,17168.65,0,0,0,1,0,1,0,0,0,0,1,0,0
935,2017,77391,21130.55,0,0,1,0,0,0,0,0,1,0,0,0,1
936,2016,81032,21948.5,0,0,1,0,0,0,0,0,1,0,0,0,1
937,2022,42956,17852.3,0,1,0,0,0,1,0,0,0,0,1,0,0
938,2011,137181,24141.05,0,0,1,0,0,1,0,0,0,0,0,1,0
939,2015,85619,22719.05,1,0,0,0,0,0,0,0,0,1,0,0,1
940,2014,110014,22499.3,0,1,0,0,0,0,0,0,0,1,1,0,0
941,2022,121039,13947.95,0,0,0,0,1,0,1,0,0,0,0,0,1
942,2011,81738,26913.0,0,0,0,1,0,0,0,0,1,0,1,0,0
943,2017,125611,18719.55,1,0,0,0,0,1,0,0,0,0,1,0,0
944,2010,88965,27551.85,0,0,0,0,1,0,1,0,0,0,1,0,0
945,2021,108001,15600.05,0,1,0,0,0,0,1,0,0,0,1,0,0
946,2019,13201,22340.05,0,1,0,0,0,0,1,0,0,0,0,0,1
947,2022,12737,19363.25,0,1,0,0,0,0,1,0,0,0,0,0,1
948,2014,93523,23323.95,1,0,0,0,0,0,0,0,1,0,1,0,0
949,2018,56474,21176.4,1,0,0,0,0,1,0,0,0,0,1,0,0
950,2014,100753,22962.45,1,0,0,0,0,0,0,1,0,0,0,0,1
951,2016,106614,20669.4,0,0,0,1,0,1,0,0,0,0,0,1,0
952,2015,133193,20340.25,1,0,0,0,0,0,0,1,0,0,0,0,1
953,2020,135632,15218.5,0,0,1,0,0,1,0,0,0,0,1,0,0
954,2013,49994,26500.2,0,0,0,0,1,0,0,1,0,0,1,0,0
955,2022,75254,16237.4,0,0,0,0,1,1,0,0,0,0,1,0,0
956,2013,134117,22294.25,0,1,0,0,0,0,0,0,1,0,1,0,0
957,2017,23845,23807.85,0,0,0,0,1,1,0,0,0,0,0,0,1
958,2013,54943,26252.95,0,0,0,0,1,0,0,0,0,1,1,0,0
959,2015,19070,26046.6,0,0,0,1,0,0,1,0,0,0,0,0,1
960,2019,70356,19482.3,0,1,0,0,0,0,0,0,0,1,1,0,0
961,2016,67134,22643.4,0,0,0,1,0,1,0,0,0,0,0,0,1
962,2018,96149,19192.65,1,0,0,0,0,0,0,0,1,0,1,0,0
963,2015,16105,26194.65,0,1,0,0,0,0,1,0,0,0,1,0,0
964,2016,12784,25360.9,0,1,0,0,0,0,0,1,0,0,1,0,0
965,2012,94169,25291.45,0,1,0,0,0,0,0,0,1,0,1,0,0
966,2017,78336,21083.2,0,1,0,0,0,1,0,0,0,0,0,1,0
967,2017,125701,18715.05,0,0,1,0,0,0,0,0,0,1,0,0,1
968,2013,73364,25331.8,0,0,0,0,1,0,0,1,0,0,1,0,0
969,2020,122285,15885.75,1,0,0,0,0,1,0,0,0,0,0,0,1
970,2011,57068,28146.6,0,0,1,0,0,0,1,0,0,0,1,0,0
971,2013,98891,24055.45,0,0,0,1,0,0,0,0,1,0,1,0,0
972,2010,70053,28497.45,0,0,0,0,1,0,0,0,0,1,1,0,0
973,2016,133334,19333.3,0,0,1,0,0,0,0,0,1,0,0,0,1
974,2012,72053,26397.35,0,0,1,0,0,0,1,0,0,0,0,0,1
975,2017,50986,22450.8,1,0,0,0,0,1,0,0,0,0,0,0,1
976,2013,66767,25661.65,0,1,0,0,0,1,0,0,0,0,1,0,0
977,2010,127943,25602.85,1,0,0,0,0,0,0,0,0,1,1,0,0
978,2017,89206,20539.7,0,1,0,0,0,0,0,0,1,0,1,0,0
979,2018,103726,18813.8,0,0,1,0,0,0,0,1,0,0,0,0,1
980,2021,130741,14462.95,1,0,0,0,0,0,1,0,0,0,0,1,0
981,2015,74527,23273.65,1,0,0,0,0,1,0,0,0,0,1,0,0
982,2014,107263,22636.95,0,0,0,0,1,1,0,0,0,0,1,0,0
983,2019,64217,19789.25,0,0,0,0,1,1,0,0,0,0,1,0,0
984,2011,37478,29126.2,0,0,0,0,1,0,0,0,1,0,0,1,0
985,2022,41167,17941.75,0,0,0,1,0,1,0,0,0,0,1,0,0
986,2018,27348,22632.7,0,0,0,0,1,1,0,0,0,0,1,0,0
987,2013,109094,23545.4,0,0,0,1,0,1,0,0,0,0,1,0,0
988,2012,136407,23179.75,0,0,0,0,1,0,1,0,0,0,1,0,0
989,2022,69882,16505.800000000003,1,0,0,0,0,1,0,0,0,0,0,0,1
990,2014,127738,21613.2,0,0,0,0,1,0,1,0,0,0,1,0,0
991,2016,51451,23427.55,0,0,0,0,1,0,0,0,1,0,0,0,1
992,2013,53898,26305.1,0,1,0,0,0,0,0,1,0,0,1,0,0
993,2012,113390,24330.6,0,0,1,0,0,1,0,0,0,0,0,0,1
994,2015,50874,24456.4,0,0,1,0,0,0,0,0,0,1,1,0,0
995,2010,149032,24548.5,0,0,0,1,0,0,1,0,0,0,1,0,0
996,2014,20608,26969.7,1,0,0,0,0,0,0,0,1,0,1,0,0
997,2016,109851,20507.55,0,1,0,0,0,1,0,0,0,0,0,0,1
998,2010,11704,31414.9,0,0,0,0,1,0,0,0,0,1,0,0,1
999,2017,128390,18580.6,0,0,0,1,0,0,0,0,0,1,1,0,0
